<?xml version="1.0" encoding="UTF-8"?>
<project-private xmlns="http://www.netbeans.org/ns/project-private/1">
    <editor-bookmarks xmlns="http://www.netbeans.org/ns/editor-bookmarks/2" lastBookmarkId="0"/>
    <open-files xmlns="http://www.netbeans.org/ns/projectui-open-files/2">
        <group>
            <file>file:/Users/manaralali/Desktop/EventUser/src/eventuser/RegisterFrame.java</file>
            <file>file:/Users/manaralali/Desktop/EventUser/src/eventuser/TicketFrame.java</file>
            <file>file:/Users/manaralali/Desktop/EventUser/src/eventuser/EventUser.java</file>
            <file>file:/Users/manaralali/Desktop/EventUser/src/eventuser/UsersFrame.java</file>
            <file>file:/Users/manaralali/Desktop/EventUser/src/connection/DBconnection.java</file>
            <file>file:/Users/manaralali/Desktop/EventUser/src/eventuser/LoginFrame.java</file>
        </group>
    </open-files>
</project-private>
